id,name,class,email
1,John Doe,10,johndoe@example.com
2,Jane Smith,11,janesmith@example.com
3,Emily Johnson,12,emilyjohnson@example.com
4,Michael Brown,10,michaelbrown@example.com
5,Jessica Davis,11,jessicadavis@example.com
6,William Wilson,12,williamwilson@example.com
7,Olivia Martinez,10,oliviamartinez@example.com
8,James Anderson,11,jamesanderson@example.com
9,Ava Thomas,12,avathomas@example.com
10,Alexander Jackson,10,alexanderjackson@example.com
11,Isabella White,11,isabellawhite@example.com
12,Daniel Harris,12,danielharris@example.com
13,Mia Martin,10,miamartin@example.com
14,Matthew Thompson,11,matthewthompson@example.com
15,Amelia Garcia,12,ameliagarcia@example.com
16,Elijah Martinez,10,elijahmartinez@example.com
17,Charlotte Robinson,11,charlotterobinson@example.com
18,Lucas Clark,12,lucasclark@example.com
19,Sophia Rodriguez,10,sophiarodriguez@example.com
20,Henry Lewis,11,henrylewis@example.com
21,Harper Lee,12,harperlee@example.com
22,David Walker,10,davidwalker@example.com
23,Evelyn Hall,11,evelynhall@example.com
24,Joseph Allen,12,josephallen@example.com
25,Abigail Young,10,abigailyoung@example.com
26,Samuel King,11,samuelking@example.com
27,Emily Wright,12,emilywright@example.com
28,Christopher Scott,10,christopherscott@example.com
29,Elizabeth Green,11,elizabethgreen@example.com
30,Andrew Adams,12,andrewadams@example.com
31,Scarlett Baker,10,scarlettbaker@example.com
32,Joshua Gonzalez,11,joshuagonzalez@example.com
33,Victoria Nelson,12,victorianelson@example.com
34,Daniel Carter,10,danielcarter@example.com
35,Grace Mitchell,11,gracemitchell@example.com
36,Matthew Perez,12,matthewperez@example.com
37,Chloe Roberts,10,chloeroberts@example.com
38,Anthony Turner,11,anthonyturner@example.com
39,Zoey Phillips,12,zoeyphillips@example.com
40,Jackson Campbell,10,jacksoncampbell@example.com
41,Penelope Parker,11,penelopeparker@example.com
42,Jack Evans,12,jackevans@example.com
43,Lillian Edwards,10,lillianedwards@example.com
44,Michael Collins,11,michaelcollins@example.com
45,Aria Stewart,12,ariasstewart@example.com
46,Alexander Sanchez,10,alexandersanchez@example.com
47,Ellie Morris,11,elliemorris@example.com
48,James Rogers,12,jamesrogers@example.com
49,Victoria Reed,10,victoriareed@example.com
50,Henry Cook,11,henrycook@example.com
51,Grace Morgan,12,gracemorgan@example.com
52,William Bell,10,williamnbell@example.com
53,Amelia Murphy,11,ameliamurphy@example.com
54,Lucas Bailey,12,lucasbailey@example.com
55,Charlotte Rivera,10,charlotterivera@example.com
56,Elijah Cooper,11,elijahcooper@example.com
57,Emily Richardson,12,emilyrichardson@example.com
58,Daniel Cox,10,danielcox@example.com
59,Harper Howard,11,harperhoward@example.com
60,Matthew Ward,12,matthewward@example.com
61,Abigail Torres,10,abigailtorres@example.com
62,Christopher Peterson,11,christopherpeterson@example.com
63,Elizabeth Gray,12,elizabethgray@example.com
64,Joshua Ramirez,10,joshuaramirez@example.com
65,Scarlett James,11,scarlettjames@example.com
66,Andrew Watson,12,andrewwatson@example.com
67,Chloe Brooks,10,chloebrooks@example.com
68,Anthony
